{"stats":{"minecraft:crafted":{"minecraft:cooked_cod":6,"minecraft:oak_door":3,"minecraft:oak_planks":200,"minecraft:wooden_shovel":1,"minecraft:crafting_table":2,"minecraft:wooden_pickaxe":2,"minecraft:furnace":1,"minecraft:birch_planks":48,"minecraft:stone_axe":2,"minecraft:air":0,"minecraft:glass_pane":32,"minecraft:oak_boat":2,"minecraft:glass":16,"minecraft:wooden_hoe":1,"minecraft:charcoal":52,"minecraft:stick":52,"minecraft:stone_pickaxe":1,"minecraft:oak_stairs":56,"minecraft:wooden_axe":2,"minecraft:chest":3,"minecraft:torch":64,"minecraft:birch_sign":3},"minecraft:mined":{"minecraft:oak_sapling":1,"minecraft:glass_pane":4,"minecraft:crafting_table":5,"minecraft:torch":1,"minecraft:grass_block":4,"minecraft:chest":1,"minecraft:oak_planks":13,"minecraft:furnace":2,"minecraft:birch_log":17,"minecraft:wheat":6,"minecraft:andesite":5,"minecraft:birch_leaves":2,"minecraft:grass":68,"minecraft:oak_log":107,"minecraft:oak_stairs":3,"minecraft:dirt":21,"minecraft:sand":17,"minecraft:stone":31,"minecraft:oak_leaves":113},"minecraft:picked_up":{"minecraft:birch_log":22,"minecraft:charcoal":14,"minecraft:crafting_table":5,"minecraft:wheat":4,"minecraft:andesite":10,"minecraft:wooden_pickaxe":1,"minecraft:oak_stairs":3,"minecraft:birch_planks":28,"minecraft:oak_log":106,"minecraft:wooden_hoe":1,"minecraft:dirt":23,"minecraft:apple":6,"minecraft:wheat_seeds":13,"minecraft:oak_boat":4,"minecraft:wooden_shovel":1,"minecraft:chest":1,"minecraft:birch_sapling":4,"minecraft:oak_planks":38,"minecraft:furnace":2,"minecraft:stick":42,"minecraft:oak_door":2,"minecraft:torch":13,"minecraft:sand":17,"tombstone:grave_dust":1,"alexsmobs:animal_dictionary":1,"minecraft:rotten_flesh":1,"guideapi-vp:vampirism-guidebook":1,"minecraft:oak_sapling":55,"minecraft:cod":11,"minecraft:cobblestone":34},"minecraft:killed_by":{"minecraft:skeleton":1},"minecraft:broken":{"minecraft:stone_axe":1,"minecraft:wooden_axe":2},"minecraft:killed":{"minecraft:spider":1,"minecraft:cod":4,"minecraft:creeper":1,"minecraft:zombie":1},"minecraft:used":{"minecraft:wheat_seeds":13,"minecraft:oak_planks":54,"minecraft:chest":3,"minecraft:wooden_pickaxe":40,"minecraft:wooden_shovel":16,"minecraft:rotten_flesh":1,"minecraft:oak_door":1,"minecraft:torch":25,"minecraft:dirt":23,"minecraft:sand":1,"minecraft:crafting_table":6,"minecraft:birch_sign":1,"minecraft:glass":4,"minecraft:wooden_axe":113,"minecraft:wooden_hoe":15,"minecraft:apple":2,"minecraft:oak_stairs":51,"minecraft:birch_sapling":2,"minecraft:stone_axe":120,"minecraft:furnace":3,"minecraft:oak_sapling":49,"minecraft:cooked_cod":4,"minecraft:glass_pane":22,"tombstone:gift":2,"minecraft:oak_boat":2},"minecraft:custom":{"minecraft:interact_with_furnace":21,"minecraft:mob_kills":7,"minecraft:interact_with_crafting_table":27,"minecraft:play_one_minute":83413,"minecraft:leave_game":1,"minecraft:time_since_death":40346,"minecraft:time_since_rest":40062,"minecraft:sprint_one_cm":144071,"minecraft:damage_taken":340,"minecraft:walk_one_cm":320969,"minecraft:damage_dealt":855,"minecraft:swim_one_cm":33292,"minecraft:talked_to_villager":1,"minecraft:fly_one_cm":42926,"minecraft:open_chest":31,"minecraft:crouch_one_cm":1228,"tombstone:undead_killed":1,"minecraft:deaths":1,"minecraft:sneak_time":671,"minecraft:walk_under_water_one_cm":4738,"minecraft:boat_one_cm":81628,"minecraft:jump":472,"minecraft:walk_on_water_one_cm":7178,"minecraft:fall_one_cm":7069}},"DataVersion":2586}