{"stats":{"minecraft:custom":{"minecraft:jump":24,"minecraft:time_since_rest":3312,"minecraft:damage_dealt":40,"minecraft:crouch_one_cm":618,"minecraft:play_one_minute":3312,"minecraft:leave_game":1,"minecraft:sprint_one_cm":358,"minecraft:damage_taken":40,"minecraft:walk_on_water_one_cm":1747,"minecraft:time_since_death":3312,"minecraft:walk_one_cm":5864,"minecraft:sneak_time":151,"minecraft:walk_under_water_one_cm":2633,"minecraft:swim_one_cm":7652,"minecraft:fall_one_cm":209,"minecraft:fly_one_cm":56}},"DataVersion":2586}