{"stats":{"minecraft:broken":{"minecraft:stone_pickaxe":1},"minecraft:dropped":{"minecraft:enchanted_book":1,"minecraft:bread":9,"minecraft:iron_sword":1,"minecraft:brown_mushroom":2,"minecraft:porkchop":2,"minecraft:wheat_seeds":4,"guideapi-vp:vampirism-guidebook":2,"minecraft:ender_pearl":4,"minecraft:iron_helmet":1,"minecraft:cobblestone":5,"minecraft:apple":1,"minecraft:granite":2,"dynamictrees:spruce_seed":5,"minecraft:mushroom_stew":1,"minecraft:cod":2,"minecraft:stick":68,"minecraft:dirt":7,"minecraft:grass":2,"minecraft:diorite":8,"minecraft:ink_sac":2,"minecraft:dark_oak_fence":7,"tombstone:grave_key":1,"minecraft:iron_leggings":1,"minecraft:bone_meal":1,"minecraft:sand":2,"minecraft:iron_axe":1,"minecraft:iron_pickaxe":2,"alexsmobs:raccoon_tail":1,"iceandfire:earplugs":3,"minecraft:stone_axe":1,"minecraft:sweet_berries":2,"minecraft:kelp":136,"minecraft:sugar_cane":12,"minecraft:player_head":1,"dynamictrees:oak_seed":8,"alexsmobs:animal_dictionary":2,"minecraft:stone_sword":1,"minecraft:bowl":6,"minecraft:birch_sapling":6,"minecraft:rotten_flesh":6,"minecraft:iron_boots":1,"simplybiomes:blue_orchid_2":1,"minecraft:cooked_mutton":4,"alexsmobs:cachalot_whale_tooth":1,"evilcraft:flesh_humanoid":2,"minecraft:suspicious_stew":1,"minecraft:leather_chestplate":2,"vampirism:vampire_fang":1,"minecraft:spruce_planks":27,"minecraft:iron_chestplate":1,"minecraft:andesite":7,"minecraft:leather_boots":1,"minecraft:leather_leggings":1,"minecraft:wooden_pickaxe":2,"minecraft:stone_pickaxe":4},"minecraft:used":{"vampirism:heart_seeker_enhanced":5,"simplybiomes:sequoia_log":2,"minecraft:stone_sword":79,"minecraft:chest":4,"minecraft:spruce_planks":1,"minecraft:iron_sword":235,"dynamictrees:oak_seed":13,"minecraft:cooked_salmon":2,"minecraft:cooked_chicken":2,"simplybiomes:white_lilly":2,"minecraft:torch":102,"minecraft:dirt":180,"minecraft:spruce_boat":5,"minecraft:iron_axe":43,"minecraft:bamboo":2,"minecraft:hay_block":1,"minecraft:sweet_berries":132,"minecraft:furnace":5,"tombstone:gift":5,"minecraft:cooked_beef":1,"minecraft:light_gray_bed":2,"minecraft:cooked_mutton":1,"minecraft:water_bucket":2,"vampirism:altar_inspiration":1,"minecraft:stone_pickaxe":194,"minecraft:wooden_pickaxe":15,"minecraft:brown_mushroom":1,"minecraft:crafting_table":11,"minecraft:blast_furnace":1,"minecraft:mushroom_stew":11,"minecraft:white_bed":1,"minecraft:black_bed":2,"minecraft:shears":24,"minecraft:smoker":1,"minecraft:suspicious_stew":1,"minecraft:iron_pickaxe":223,"minecraft:bread":34,"minecraft:stone_axe":16,"minecraft:cobblestone":35,"minecraft:cooked_porkchop":2,"minecraft:andesite":4,"minecraft:bucket":3,"minecraft:birch_log":1,"minecraft:oak_boat":2,"minecraft:pumpkin_pie":1,"minecraft:air":1},"minecraft:mined":{"minecraft:dark_oak_planks":4,"simplybiomes:sequoia_log":7,"minecraft:granite":2,"minecraft:dark_oak_fence":13,"minecraft:grass_block":24,"minecraft:light_gray_bed":2,"minecraft:brown_mushroom_block":9,"minecraft:kelp":2,"minecraft:spawner":1,"minecraft:large_fern":3,"minecraft:hay_block":9,"dynamictrees:oak_leaves":1,"minecraft:furnace":2,"minecraft:iron_ore":79,"minecraft:andesite":11,"evilcraft:dark_ore":4,"dynamictrees:spruce_leaves":7,"minecraft:dark_oak_stairs":3,"simplybiomes:grass_1":2,"minecraft:packed_ice":10,"minecraft:stone":115,"minecraft:brown_mushroom":7,"minecraft:kelp_plant":9,"minecraft:torch":2,"simplybiomes:grass_2":1,"minecraft:mushroom_stem":2,"minecraft:tall_grass":2,"minecraft:cobblestone":1,"minecraft:sugar_cane":7,"minecraft:diorite":10,"minecraft:birch_log":2,"minecraft:sweet_berry_bush":36,"minecraft:ice":1,"minecraft:light_gray_wool":23,"minecraft:black_bed":2,"minecraft:grass_path":1,"minecraft:grass":25,"minecraft:oak_log":8,"minecraft:coal_ore":153,"minecraft:mycelium":6,"minecraft:sand":10,"minecraft:dirt":112,"minecraft:cobweb":20,"minecraft:red_mushroom_block":2,"minecraft:oak_leaves":1,"minecraft:fern":7},"minecraft:custom":{"minecraft:mob_kills":48,"minecraft:interact_with_crafting_table":46,"minecraft:open_barrel":15,"minecraft:bell_ring":7,"minecraft:damage_dealt_resisted":422,"minecraft:leave_game":10,"minecraft:time_since_death":542,"minecraft:climb_one_cm":3774,"minecraft:sprint_one_cm":1296190,"minecraft:walk_one_cm":605585,"minecraft:drop":99,"minecraft:talked_to_villager":7,"minecraft:deaths":32,"minecraft:sneak_time":8827,"minecraft:walk_under_water_one_cm":47844,"minecraft:boat_one_cm":659330,"tombstone:tomb_raiding":1,"minecraft:jump":8589,"minecraft:interact_with_blast_furnace":7,"minecraft:walk_on_water_one_cm":84571,"minecraft:interact_with_furnace":48,"tombstone:raider_killed":5,"minecraft:play_one_minute":421539,"minecraft:sleep_in_bed":11,"minecraft:time_since_rest":1,"minecraft:damage_taken":210962,"minecraft:damage_dealt":13340,"minecraft:player_kills":2,"minecraft:swim_one_cm":656312,"minecraft:fly_one_cm":1965654,"minecraft:open_chest":141,"minecraft:crouch_one_cm":21123,"tombstone:undead_killed":16,"minecraft:interact_with_smoker":11,"minecraft:fall_one_cm":248893},"minecraft:picked_up":{"minecraft:chainmail_boots":1,"minecraft:suspicious_stew":1,"minecraft:brown_mushroom":13,"dynamictrees:spruce_seed":12,"minecraft:wooden_pickaxe":2,"minecraft:enchanted_book":1,"tombstone:grave_key":1,"iceandfire:sea_serpent_scales_blue":13,"minecraft:string":20,"minecraft:player_head":1,"dynamictrees:oak_seed":37,"minecraft:iron_pickaxe":1,"minecraft:light_gray_wool":24,"alexsmobs:raccoon_tail":2,"minecraft:sugar_cane":12,"minecraft:birch_sapling":6,"minecraft:iron_boots":1,"minecraft:furnace":2,"minecraft:stick":139,"minecraft:stone":7,"minecraft:torch":2,"minecraft:bowl":4,"simplybiomes:white_lilly":2,"minecraft:porkchop":2,"minecraft:diorite":10,"tombstone:grave_dust":5,"vampirism:vampire_fang":3,"simplybiomes:blue_orchid_2":1,"minecraft:dark_oak_planks":4,"minecraft:stone_sword":1,"vampirism:blood_bottle":1,"iceandfire:sea_serpent_scales_purple":14,"minecraft:light_gray_bed":2,"minecraft:rotten_flesh":8,"minecraft:hay_block":9,"iceandfire:earplugs":1,"evilcraft:condensed_blood":6,"minecraft:cod":1,"minecraft:cobblestone":114,"minecraft:birch_log":8,"minecraft:leather_chestplate":2,"vampirism:vampire_blood_bottle":2,"minecraft:lilac":1,"iceandfire:sea_serpent_fang":11,"minecraft:andesite":16,"minecraft:black_bed":2,"minecraft:red_mushroom":1,"alexsmobs:cachalot_whale_tooth":1,"minecraft:mushroom_stew":13,"minecraft:oak_log":43,"evilcraft:flesh_humanoid":1,"minecraft:dirt":235,"simplybiomes:sequoia_log":7,"minecraft:cooked_mutton":2,"vampirism:human_heart":2,"minecraft:kelp":135,"minecraft:wheat_seeds":5,"dynamictrees:birch_seed":10,"minecraft:stone_pickaxe":3,"minecraft:iron_ore":79,"minecraft:bamboo":4,"minecraft:dark_oak_stairs":3,"minecraft:sweet_berries":141,"iceandfire:shiny_scales":5,"minecraft:sand":12,"minecraft:ink_sac":2,"minecraft:spruce_log":23,"alexsmobs:animal_dictionary":1,"evilcraft:dark_gem":18,"minecraft:granite":2,"minecraft:grass":2,"guideapi-vp:vampirism-guidebook":1,"minecraft:bread":3,"alexsmobs:maggot":2,"minecraft:dark_oak_fence":5,"minecraft:coal":153,"minecraft:ender_pearl":5},"minecraft:crafted":{"minecraft:smooth_stone":6,"minecraft:oak_planks":156,"minecraft:furnace":5,"minecraft:blast_furnace":1,"minecraft:stone":6,"minecraft:glass":6,"minecraft:iron_boots":1,"vampirism:altar_inspiration":1,"minecraft:iron_axe":2,"tombstone:grave_key":1,"minecraft:stone_pickaxe":2,"minecraft:chest":4,"minecraft:spruce_boat":5,"minecraft:smoker":1,"minecraft:wheat":72,"minecraft:crafting_table":11,"minecraft:spruce_planks":116,"minecraft:wooden_pickaxe":1,"minecraft:iron_helmet":2,"minecraft:iron_sword":2,"minecraft:bowl":60,"minecraft:bucket":1,"iceandfire:earplugs":2,"minecraft:stone_axe":1,"minecraft:bread":25,"minecraft:air":0,"minecraft:oak_boat":2,"minecraft:white_wool":5,"minecraft:iron_chestplate":2,"minecraft:stick":60,"minecraft:iron_ingot":79,"minecraft:iron_pickaxe":3,"minecraft:stone_sword":1,"minecraft:iron_leggings":2,"minecraft:white_bed":1,"vampirism:blood_container":1,"minecraft:torch":132,"minecraft:shears":1},"minecraft:killed":{"vampirism:vampire":7,"vampirism:advanced_vampire":1,"alexsmobs:raccoon":1,"vampirism:advanced_hunter":2,"minecraft:pig":3,"alexsmobs:grizzly_bear":1,"vampirism:hunter":3,"minecraft:pillager":5,"minecraft:zombie":16,"iceandfire:sea_serpent":2,"minecraft:enderman":1},"minecraft:killed_by":{"minecraft:player":2,"vampirism:advanced_hunter":1,"minecraft:creeper":3,"iceandfire:sea_serpent":18,"minecraft:skeleton":2,"alexsmobs:grizzly_bear":1,"vampirism:vampire":1}},"DataVersion":2586}