{"stats":{"minecraft:broken":{"minecraft:stone_pickaxe":1},"minecraft:dropped":{"dynamictrees:spruce_seed":32,"tombstone:grave_key":3,"minecraft:fishing_rod":1,"minecraft:white_wool":2,"minecraft:suspicious_stew":2,"minecraft:nautilus_shell":1},"minecraft:used":{"minecraft:stone_sword":2,"minecraft:iron_shovel":81,"minecraft:dried_kelp":147,"minecraft:poppy":5,"minecraft:iron_sword":40,"minecraft:stone_hoe":10,"minecraft:cooked_salmon":4,"minecraft:rotten_flesh":2,"minecraft:torch":20,"minecraft:dirt":32,"minecraft:carrot":3,"minecraft:oak_wood":2,"minecraft:spruce_boat":6,"minecraft:wooden_axe":39,"simplybiomes:blue_orchid_2":1,"minecraft:iron_axe":112,"minecraft:bamboo":94,"minecraft:dark_oak_boat":2,"minecraft:sweet_berries":16,"minecraft:furnace":4,"tombstone:gift":1,"minecraft:wheat_seeds":10,"minecraft:cooked_mutton":2,"minecraft:water_bucket":14,"minecraft:stone_pickaxe":210,"minecraft:wooden_pickaxe":36,"minecraft:birch_boat":1,"minecraft:sugar_cane":32,"minecraft:sand":1,"minecraft:crafting_table":19,"minecraft:mushroom_stew":7,"minecraft:white_bed":2,"minecraft:cod":4,"minecraft:spruce_log":1,"minecraft:smoker":1,"minecraft:wooden_hoe":13,"minecraft:iron_pickaxe":16,"minecraft:bread":4,"minecraft:stone_axe":34,"minecraft:fishing_rod":13,"minecraft:cobblestone":31,"minecraft:white_banner":1,"minecraft:bucket":14,"minecraft:birch_log":3,"minecraft:oak_boat":9,"minecraft:bone_meal":3},"minecraft:mined":{"minecraft:dark_oak_planks":1,"simplybiomes:redwood_leaves":134,"minecraft:white_bed":1,"minecraft:farmland":1,"minecraft:dark_oak_log":3,"minecraft:granite":2,"minecraft:grass_block":17,"minecraft:kelp":18,"minecraft:large_fern":1,"minecraft:tall_seagrass":4,"minecraft:furnace":4,"minecraft:carrots":1,"minecraft:iron_ore":9,"vampirism:tent":1,"minecraft:dark_oak_stairs":1,"minecraft:vine":1,"minecraft:lantern":1,"minecraft:bamboo_sapling":1,"minecraft:bamboo":27,"minecraft:stone":156,"minecraft:white_wool":4,"minecraft:spruce_slab":1,"minecraft:kelp_plant":61,"minecraft:stripped_dark_oak_log":1,"minecraft:crafting_table":11,"minecraft:cobblestone":6,"minecraft:sugar_cane":22,"minecraft:wall_torch":2,"minecraft:seagrass":4,"minecraft:yellow_wool":1,"minecraft:birch_log":8,"minecraft:wheat":2,"minecraft:sweet_berry_bush":14,"minecraft:ice":46,"minecraft:spruce_log":1,"minecraft:light_gray_wool":3,"minecraft:grass":14,"minecraft:oak_log":32,"minecraft:coal_ore":20,"minecraft:mycelium":39,"minecraft:sand":5,"minecraft:dirt":121,"simplybiomes:redwood_log":61,"minecraft:oak_leaves":4,"minecraft:fern":1},"minecraft:custom":{"minecraft:mob_kills":19,"minecraft:interact_with_crafting_table":55,"minecraft:open_barrel":14,"minecraft:leave_game":6,"minecraft:time_since_death":10016,"minecraft:climb_one_cm":7072,"minecraft:sprint_one_cm":509054,"minecraft:walk_one_cm":874842,"minecraft:drop":41,"minecraft:talked_to_villager":16,"minecraft:deaths":17,"minecraft:sneak_time":5168,"minecraft:walk_under_water_one_cm":55683,"minecraft:boat_one_cm":1719904,"minecraft:jump":2557,"minecraft:interact_with_blast_furnace":3,"minecraft:walk_on_water_one_cm":63191,"minecraft:interact_with_furnace":38,"tombstone:raider_killed":4,"minecraft:play_one_minute":282262,"minecraft:sleep_in_bed":11,"minecraft:time_since_rest":9858,"minecraft:damage_taken":6119,"minecraft:trigger_trapped_chest":1,"minecraft:damage_dealt":3310,"minecraft:swim_one_cm":194747,"minecraft:fly_one_cm":265905,"minecraft:player_kills":2,"minecraft:open_chest":62,"minecraft:crouch_one_cm":21307,"tombstone:undead_killed":1,"minecraft:interact_with_smoker":19,"minecraft:fish_caught":8,"minecraft:fall_one_cm":60457},"minecraft:picked_up":{"minecraft:crafting_table":11,"minecraft:iron_chestplate":1,"minecraft:wheat":1,"minecraft:suspicious_stew":1,"minecraft:yellow_wool":1,"dynamictrees:spruce_seed":34,"minecraft:potion":1,"minecraft:enchanted_book":1,"simplybiomes:redwood_log":59,"tombstone:grave_key":3,"minecraft:iron_axe":2,"minecraft:iron_leggings":1,"minecraft:pufferfish":2,"minecraft:oak_boat":5,"minecraft:poppy":2,"minecraft:spruce_slab":1,"minecraft:iron_pickaxe":1,"minecraft:light_gray_wool":3,"minecraft:sugar_cane":45,"minecraft:iron_boots":1,"minecraft:furnace":4,"minecraft:stick":36,"minecraft:torch":2,"minecraft:bowl":2,"minecraft:porkchop":4,"vampirism:vampire_fang":1,"minecraft:carrot":2,"simplybiomes:blue_orchid_2":1,"minecraft:prismarine_crystals":10,"minecraft:dark_oak_planks":1,"tombstone:lost_tablet":1,"minecraft:arrow":2,"minecraft:rotten_flesh":8,"iceandfire:earplugs":1,"simplybiomes:sapling_7item":5,"minecraft:cod":3,"minecraft:cobblestone":161,"minecraft:white_wool":5,"minecraft:nautilus_shell":1,"minecraft:birch_log":8,"minecraft:tripwire_hook":1,"minecraft:salmon":8,"minecraft:dark_oak_boat":1,"minecraft:mushroom_stew":9,"minecraft:oak_log":31,"evilcraft:flesh_humanoid":1,"minecraft:dirt":127,"minecraft:white_banner":1,"minecraft:cooked_mutton":2,"minecraft:bone":1,"minecraft:kelp":203,"minecraft:wheat_seeds":10,"minecraft:iron_ingot":10,"minecraft:iron_ore":9,"minecraft:bamboo":86,"minecraft:oak_planks":1,"minecraft:iron_sword":1,"minecraft:dark_oak_stairs":1,"minecraft:sweet_berries":25,"minecraft:sand":6,"iceandfire:shiny_scales":8,"minecraft:ink_sac":2,"minecraft:white_bed":1,"minecraft:spruce_log":59,"alexsmobs:animal_dictionary":1,"minecraft:dark_oak_log":2,"minecraft:iron_helmet":1,"guideapi-vp:vampirism-guidebook":1,"minecraft:bread":6,"minecraft:oak_sapling":2,"minecraft:dark_oak_fence":7,"minecraft:coal":47},"minecraft:crafted":{"minecraft:oak_planks":68,"minecraft:dark_oak_boat":1,"minecraft:birch_boat":1,"minecraft:furnace":2,"minecraft:bone_meal":3,"minecraft:stone_pickaxe":4,"minecraft:spruce_boat":6,"minecraft:dark_oak_planks":4,"minecraft:stone_hoe":1,"minecraft:smoker":1,"minecraft:crafting_table":9,"minecraft:spruce_planks":166,"minecraft:dried_kelp":147,"minecraft:wooden_pickaxe":2,"minecraft:cooked_salmon":25,"minecraft:bucket":1,"minecraft:oak_wood":3,"minecraft:birch_planks":8,"minecraft:stone_axe":3,"minecraft:air":0,"minecraft:oak_boat":4,"minecraft:wooden_hoe":2,"minecraft:charcoal":10,"minecraft:stick":36,"minecraft:iron_ingot":3,"minecraft:iron_pickaxe":1,"minecraft:wooden_axe":2,"minecraft:stone_sword":1,"minecraft:iron_shovel":1,"minecraft:white_bed":1,"minecraft:torch":36,"minecraft:shears":1},"minecraft:killed":{"minecraft:witch":1,"iceandfire:siren":2,"minecraft:drowned":1,"minecraft:pig":1,"minecraft:salmon":5,"minecraft:pillager":3,"alexsmobs:fly":1},"minecraft:killed_by":{"minecraft:player":2,"minecraft:spider":1,"minecraft:pillager":1,"iceandfire:sea_serpent":6,"iceandfire:ice_dragon":1,"minecraft:skeleton":2,"minecraft:zombie":1,"iceandfire:ghost":1}},"DataVersion":2586}